Workbook

Sheet Notes
B2: Customer Support Quality Analysis — Workbook Guide
B4: Business question: Which support team should improve resolution performance, and how does service quality vary by channel?
B6: How this workbook is organized
B7: Raw
B8: The original 13-row tickets.csv, pasted in unchanged — including the one exact duplicate row (ticket_id 12 appears twice). Kept as-is so the before/after row count in Summary can be checked against it.
B10: Lookup
B11: The 4-row teams.csv, unchanged. Maps each team_id to its team name and department. Every lookup elsewhere in this workbook (Clean!G, Summary) reads from here — edit a value here and it flows through automatically.
B13: Clean
B14: The working dataset: the 13 Raw rows with the exact duplicate removed (12 rows remain), plus two derived columns — department (looked up from Lookup via INDEX/MATCH on team_id) and breach_flag (1 if resolution_hours > 24, else 0). Every other formula in this workbook is ultimately built on this sheet.
B16: Summary
B17: Answers both business questions: a before/after row-count check, an SLA-breach-by-channel table, a department x month average-resolution table (see note below on why it's a formula table rather than a native PivotTable object), and a column chart built from that table.
B19: Key definitions
... B46: Source: derived entirely from the supplied tickets.csv and teams.csv. Full project (SQL / Python / Power BI / README) is in the parent repository.

Sheet Raw
A1: ticket_id | B1: month | C1: team_id | D1: channel | E1: resolution_hours | F1: satisfaction
A2: 1 | B2: Jan | C2: T1 | D2: Email | E2: 12 | F2: 4
A3: 2 | B3: Jan | C3: T2 | D3: Chat | E3: 28 | F3: 3
A4: 3 | B4: Jan | C4: T3 | D4: Phone | E4: 36 | F4: 2
A5: 4 | B5: Jan | C5: T4 | D5: Email | E5: 20 | F5: 4
A6: 5 | B6: Feb | C6: T1 | D6: Chat | E6: 8 | F6: 5
A7: 6 | B7: Feb | C7: T2 | D7: Phone | E7: 30 | F7: 3
A8: 7 | B8: Feb | C8: T3 | D8: Email | E8: 18 | F8: 4
A9: 8 | B9: Feb | C9: T4 | D9: Chat | E9: 40 | F9: 2
A10: 9 | B10: Mar | C10: T1 | D10: Phone | E10: 16 | F10: 4
A11: 10 | B11: Mar | C11: T2 | D11: Email | E11: 22 | F11: 4
A12: 11 | B12: Mar | C12: T3 | D12: Chat | E12: 32 | F12: 3
A13: 12 | B13: Mar | C13: T4 | D13: Phone | E13: 24 | F13: 5
A14: 12 | B14: Mar | C14: T4 | D14: Phone | E14: 24 | F14: 5

Sheet Lookup
A1: team_id | B1: team | C1: department
A2: T1 | B2: AccountCare | C2: Service
A3: T2 | B3: BillingHelp | C3: Service
A4: T3 | B4: AppSupport | C4: Technical
A5: T4 | B5: DeviceHelp | C5: Technical

Sheet Clean
A1: ticket_id | B1: month | C1: team_id | D1: channel | E1: resolution_hours | F1: satisfaction | G1: department | H1: breach_flag
A2: 1 | B2: Jan | C2: T1 | D2: Email | E2: 12 | F2: 4 | G2: =INDEX(Lookup!$C$2:$C$5,MATCH(C2,Lookup!$A$2:$A$5,0)) -> Service | H2: =IF(E2>24,1,0) -> 0
A3: 2 | B3: Jan | C3: T2 | D3: Chat | E3: 28 | F3: 3 | G3: =INDEX(Lookup!$C$2:$C$5,MATCH(C3,Lookup!$A$2:$A$5,0)) -> Service | H3: =IF(E3>24,1,0) -> 1
A4: 3 | B4: Jan | C4: T3 | D4: Phone | E4: 36 | F4: 2 | G4: =INDEX(Lookup!$C$2:$C$5,MATCH(C4,Lookup!$A$2:$A$5,0)) -> Technical | H4: =IF(E4>24,1,0) -> 1
A5: 4 | B5: Jan | C5: T4 | D5: Email | E5: 20 | F5: 4 | G5: =INDEX(Lookup!$C$2:$C$5,MATCH(C5,Lookup!$A$2:$A$5,0)) -> Technical | H5: =IF(E5>24,1,0) -> 0
A6: 5 | B6: Feb | C6: T1 | D6: Chat | E6: 8 | F6: 5 | G6: =INDEX(Lookup!$C$2:$C$5,MATCH(C6,Lookup!$A$2:$A$5,0)) -> Service | H6: =IF(E6>24,1,0) -> 0
A7: 6 | B7: Feb | C7: T2 | D7: Phone | E7: 30 | F7: 3 | G7: =INDEX(Lookup!$C$2:$C$5,MATCH(C7,Lookup!$A$2:$A$5,0)) -> Service | H7: =IF(E7>24,1,0) -> 1
A8: 7 | B8: Feb | C8: T3 | D8: Email | E8: 18 | F8: 4 | G8: =INDEX(Lookup!$C$2:$C$5,MATCH(C8,Lookup!$A$2:$A$5,0)) -> Technical | H8: =IF(E8>24,1,0) -> 0
A9: 8 | B9: Feb | C9: T4 | D9: Chat | E9: 40 | F9: 2 | G9: =INDEX(Lookup!$C$2:$C$5,MATCH(C9,Lookup!$A$2:$A$5,0)) -> Technical | H9: =IF(E9>24,1,0) -> 1
A10: 9 | B10: Mar | C10: T1 | D10: Phone | E10: 16 | F10: 4 | G10: =INDEX(Lookup!$C$2:$C$5,MATCH(C10,Lookup!$A$2:$A$5,0)) -> Service | H10: =IF(E10>24,1,0) -> 0
A11: 10 | B11: Mar | C11: T2 | D11: Email | E11: 22 | F11: 4 | G11: =INDEX(Lookup!$C$2:$C$5,MATCH(C11,Lookup!$A$2:$A$5,0)) -> Service | H11: =IF(E11>24,1,0) -> 0
A12: 11 | B12: Mar | C12: T3 | D12: Chat | E12: 32 | F12: 3 | G12: =INDEX(Lookup!$C$2:$C$5,MATCH(C12,Lookup!$A$2:$A$5,0)) -> Technical | H12: =IF(E12>24,1,0) -> 1
A13: 12 | B13: Mar | C13: T4 | D13: Phone | E13: 24 | F13: 5 | G13: =INDEX(Lookup!$C$2:$C$5,MATCH(C13,Lookup!$A$2:$A$5,0)) -> Technical | H13: =IF(E13>24,1,0) -> 0

Sheet Summary
A1: Before row count | B1: =COUNTA(Raw!A2:A14) -> 13
A2: After row count | B2: =COUNTA(Clean!A2:A13) -> 12
A4: SLA Breach by Channel | F4: Avg Resolution Hours by Department & Month
A5: Channel | B5: Total Tickets | C5: Breached Tickets | D5: SLA Breach Rate % | F5: Department | G5: Jan | H5: Feb | I5: Mar
A6: Email | B6: =COUNTIF(Clean!$D$2:$D$13,A6) -> 4 | C6: =COUNTIFS(Clean!$D$2:$D$13,A6,Clean!$H$2:$H$13,1) -> 0 | D6: =ROUND(C6/B6*100,2) -> 0 | F6: Service | G6: =ROUND(AVERAGEIFS(Clean!$E$2:$E$13,Clean!$G$2:$G$13,$F6,Clean!$B$2:$B$13,G$5),2) -> 20 | H6: =ROUND(AVERAGEIFS(Clean!$E$2:$E$13,Clean!$G$2:$G$13,$F6,Clean!$B$2:$B$13,H$5),2) -> 19 | I6: =ROUND(AVERAGEIFS(Clean!$E$2:$E$13,Clean!$G$2:$G$13,$F6,Clean!$B$2:$B$13,I$5),2) -> 19
A7: Chat | B7: =COUNTIF(Clean!$D$2:$D$13,A7) -> 4 | C7: =COUNTIFS(Clean!$D$2:$D$13,A7,Clean!$H$2:$H$13,1) -> 3 | D7: =ROUND(C7/B7*100,2) -> 75 | F7: Technical | G7: =ROUND(AVERAGEIFS(Clean!$E$2:$E$13,Clean!$G$2:$G$13,$F7,Clean!$B$2:$B$13,G$5),2) -> 28 | H7: =ROUND(AVERAGEIFS(Clean!$E$2:$E$13,Clean!$G$2:$G$13,$F7,Clean!$B$2:$B$13,H$5),2) -> 29 | I7: =ROUND(AVERAGEIFS(Clean!$E$2:$E$13,Clean!$G$2:$G$13,$F7,Clean!$B$2:$B$13,I$5),2) -> 28
A8: Phone | B8: =COUNTIF(Clean!$D$2:$D$13,A8) -> 4 | C8: =COUNTIFS(Clean!$D$2:$D$13,A8,Clean!$H$2:$H$13,1) -> 2 | D8: =ROUND(C8/B8*100,2) -> 50
F9: Note: Excel PivotTables are built at open-time from a live PivotCache and cannot be authored reliably by script. The table above (F5:I7) reproduces the exact same result (avg resolution_hours by department x month, Jan-Feb-Mar order) using AVERAGEIFS so it is fully formula-driven and verifiable. To get a native interactive PivotTable object, select Clean!A1:H13 in Excel -> Insert -> PivotTable, then drag department to Rows, month to Columns, resolution_hours to Values (Average).
